,URL,CAT
0,CjHAmGR,AVERTISSEMENT_DANGER
1,xifXfYy,AVERTISSEMENT_DANGER
2,FFHx34w,AVERTISSEMENT_DANGER
3,5a1FtN1,AVERTISSEMENT_DANGER
4,RfpAoUS,AVERTISSEMENT_DANGER
5,9TY9AhC,AVERTISSEMENT_DANGER
6,2T26j4Z,AVERTISSEMENT_DANGER
7,vMJJUG2,AVERTISSEMENT_DANGER
8,yjFxA1X,AVERTISSEMENT_DANGER
9,edsnEEb,AVERTISSEMENT_DANGER
10,MNKAvgk,AVERTISSEMENT_DANGER
11,yJe0uSE,AVERTISSEMENT_DANGER
12,2TtbQtp,AVERTISSEMENT_DANGER
13,aXRiUHu,AVERTISSEMENT_DANGER
14,Yta2FDR,AVERTISSEMENT_DANGER
15,lCRWvek,AVERTISSEMENT_DANGER
16,rZyfDcg,AVERTISSEMENT_DANGER
17,lsvhnwj,AVERTISSEMENT_DANGER
18,ioA1VDX,AVERTISSEMENT_DANGER
19,i6jENA3,AVERTISSEMENT_DANGER
20,K8COQbQ,AVERTISSEMENT_DANGER
21,w5dqHFa,AVERTISSEMENT_DANGER
22,kZw8D1j,SECOURS
23,BH2hwyB,SECOURS
24,88ujrPK,SECOURS
25,anlfok2,SECOURS
26,IXArSF1,SECOURS
27,h9bi3Q7,SECOURS
28,kThtkT0,SECOURS
29,smrel1R,SECOURS
30,qyjfQsJ,SECOURS
31,wGgxxgU,SECOURS
32,E6pra7v,SECOURS
33,MjljDOQ,SECOURS
34,yjuzV6Z,SECOURS
35,vzsJPuI,SECOURS
36,U4vGLCr,SECOURS
37,rmsIXAx,SECOURS
38,ODqTzlf,SECOURS
39,Qn39Qku,SECOURS
40,hOq4zMz,OBLIGATION
41,bAGO4cS,OBLIGATION
42,bYwR0UJ,OBLIGATION
43,rpWVGcr,OBLIGATION
44,jEcCsX6,OBLIGATION
45,o49uRmr,OBLIGATION
46,Pc2nVDl,OBLIGATION
47,NTHCxjL,OBLIGATION
48,OGIt8J5,OBLIGATION
49,N83rwiA,OBLIGATION
50,9lBTNeN,OBLIGATION
51,KxrLSzf,OBLIGATION
52,l6nx63F,INTERDICTION
53,JPTXfrg,INTERDICTION
54,C3OevTe,INTERDICTION
55,jDVvlyM,INTERDICTION
56,mjACUxf,INTERDICTION
57,miLry4T,INTERDICTION
58,mdmwSYb,INTERDICTION
59,c3uQwY6,INTERDICTION
60,1JAOH5Q,INTERDICTION
61,DhXlCXm,INTERDICTION
62,b25WTaR,INTERDICTION
63,BaPvDgi,INTERDICTION
64,di5RGGi,INTERDICTION
65,cUl5uyU,INTERDICTION
66,kTYvjKY,INCENDIE
67,9WHQ3Ud,INCENDIE
68,wwNu9FU,INCENDIE
69,L7M5Z5S,INCENDIE
70,zBx7voj,INCENDIE
71,KrHfo2Q,INCENDIE
72,7HBeU4u,INCENDIE
73,x4Lseqn,INCENDIE
74,LzYD2du,INCENDIE
75,KQ3K9f0,INCENDIE
76,9jGat3S,INCENDIE
77,eS9tIUP,INCENDIE
78,qFCOO6Y,INCENDIE
79,1UDNU4M,INCENDIE
